               epoch,      train/box_loss,      train/obj_loss,      train/cls_loss,   metrics/precision,      metrics/recall,     metrics/mAP_0.5,metrics/mAP_0.5:0.95,        val/box_loss,        val/obj_loss,        val/cls_loss,               x/lr0,               x/lr1,               x/lr2
                   0,             0.10588,             0.13741,            0.065521,             0.35015,             0.17654,            0.046753,            0.012402,            0.082796,             0.16717,            0.057467,           0.0032922,           0.0032922,             0.07037
                   1,            0.084502,             0.13109,            0.054136,             0.78178,            0.068973,            0.080384,            0.027019,             0.08102,            0.088352,            0.048546,           0.0066253,           0.0066253,             0.04037
                   2,            0.079171,             0.13434,            0.047469,             0.62776,            0.071212,             0.10963,            0.034522,            0.075888,             0.16669,            0.044202,           0.0099582,           0.0099582,             0.01037
                   3,            0.070234,             0.13085,            0.042723,             0.44716,             0.20884,             0.11559,            0.030638,            0.072975,             0.10804,            0.042644,            0.009999,            0.009999,            0.009999
                   4,            0.060988,              0.1167,            0.038049,             0.37508,             0.42416,             0.21956,            0.084484,            0.054765,             0.11616,            0.033219,            0.009999,            0.009999,            0.009999
                   5,             0.05636,             0.11845,            0.034002,             0.58168,             0.44073,             0.30157,             0.18376,            0.043651,             0.10078,            0.029294,           0.0099987,           0.0099987,           0.0099987
                   6,            0.051681,             0.10871,            0.030559,             0.59634,             0.42927,             0.31062,             0.17318,            0.042956,            0.099497,            0.026624,           0.0099984,           0.0099984,           0.0099984
                   7,            0.049702,             0.10456,            0.027684,             0.53849,              0.4868,             0.34088,             0.18115,            0.041935,             0.10652,            0.023398,            0.009998,            0.009998,            0.009998
                   8,             0.04749,             0.10322,            0.025018,             0.51182,             0.50195,             0.34204,             0.17593,            0.043146,             0.10214,             0.02354,           0.0099977,           0.0099977,           0.0099977
                   9,            0.048066,             0.09937,            0.024018,             0.62992,             0.41567,             0.36823,             0.23844,            0.036761,            0.099065,             0.02148,           0.0099974,           0.0099974,           0.0099974
                  10,            0.046819,            0.099533,            0.022558,             0.52912,              0.5366,             0.31003,              0.2022,            0.037617,            0.095447,            0.019678,            0.009997,            0.009997,            0.009997
                  11,            0.044451,            0.095644,            0.020813,             0.52015,             0.53023,             0.32642,             0.21813,            0.037627,             0.10542,            0.021645,           0.0099967,           0.0099967,           0.0099967
                  12,            0.044117,            0.095188,            0.019497,             0.63881,             0.46645,             0.37483,              0.2386,            0.036963,             0.10587,             0.01905,           0.0099964,           0.0099964,           0.0099964
                  13,            0.043326,            0.094067,            0.018691,             0.55953,              0.4551,             0.41307,             0.26963,            0.034501,             0.10777,            0.018886,            0.009996,            0.009996,            0.009996
                  14,            0.041904,            0.089932,            0.017859,             0.45612,             0.60878,             0.48531,             0.25695,            0.037165,             0.10505,             0.01583,           0.0099957,           0.0099957,           0.0099957
                  15,            0.040686,            0.090348,            0.017192,             0.45087,              0.7072,             0.49175,             0.31846,             0.03511,             0.10156,            0.016112,           0.0099954,           0.0099954,           0.0099954
                  16,            0.040801,            0.088138,            0.016239,             0.45636,             0.62265,             0.47943,             0.31431,             0.03505,             0.10631,            0.016922,           0.0099951,           0.0099951,           0.0099951
                  17,            0.041444,            0.086881,             0.01576,             0.43608,             0.68255,             0.44511,             0.29017,            0.032743,             0.10509,            0.016448,           0.0099947,           0.0099947,           0.0099947
                  18,            0.039346,            0.086602,            0.014806,             0.46487,              0.6901,             0.55797,             0.40481,            0.035401,              0.1037,            0.015709,           0.0099944,           0.0099944,           0.0099944
                  19,            0.040295,            0.087322,            0.014308,             0.47572,             0.68483,             0.45547,             0.29395,            0.034203,               0.104,            0.015293,           0.0099941,           0.0099941,           0.0099941
                  20,            0.039586,            0.086127,            0.014049,             0.45195,             0.69822,              0.4596,             0.33182,            0.034324,             0.10468,            0.014506,           0.0099937,           0.0099937,           0.0099937
                  21,            0.039578,            0.085604,            0.013363,             0.56488,             0.55895,             0.44023,             0.29253,            0.031833,             0.11763,            0.014516,           0.0099934,           0.0099934,           0.0099934
                  22,            0.038613,            0.084182,            0.012669,             0.43404,             0.66073,             0.57596,              0.3911,            0.033774,             0.10504,            0.013127,           0.0099931,           0.0099931,           0.0099931
                  23,            0.037012,            0.082948,            0.012193,             0.34446,             0.89854,             0.59798,             0.43498,            0.031675,             0.11054,            0.012077,           0.0099927,           0.0099927,           0.0099927
                  24,            0.037577,            0.083506,            0.011553,             0.54846,             0.59134,             0.48963,              0.3376,            0.033788,             0.11501,            0.012378,           0.0099924,           0.0099924,           0.0099924
                  25,             0.03861,            0.082631,            0.011834,             0.37748,             0.87429,             0.59525,             0.42394,            0.029885,              0.1126,            0.012139,           0.0099921,           0.0099921,           0.0099921
                  26,            0.037416,              0.0828,            0.011476,             0.49193,             0.72646,             0.59924,             0.43702,            0.031089,             0.10895,             0.01261,           0.0099918,           0.0099918,           0.0099918
                  27,            0.037895,            0.078943,            0.011007,             0.39047,             0.82409,             0.48718,              0.3486,             0.03069,             0.10939,            0.011686,           0.0099914,           0.0099914,           0.0099914
                  28,             0.03709,            0.079512,            0.010744,             0.39866,             0.83313,             0.57551,             0.43385,            0.031245,             0.10913,            0.012173,           0.0099911,           0.0099911,           0.0099911
                  29,            0.036115,            0.080688,            0.010373,             0.42694,             0.86347,             0.60076,             0.42589,            0.029747,             0.11035,           0.0092698,           0.0099908,           0.0099908,           0.0099908
                  30,            0.035998,            0.079839,            0.010308,             0.45971,             0.74946,             0.49954,             0.34518,            0.032343,             0.10857,               0.011,           0.0099904,           0.0099904,           0.0099904
                  31,            0.036038,            0.079298,            0.010137,             0.38312,              0.8614,             0.55046,             0.42398,            0.029549,             0.10813,            0.011543,           0.0099901,           0.0099901,           0.0099901
                  32,            0.035473,            0.078512,           0.0099695,             0.35779,             0.85257,             0.52044,             0.36603,            0.030968,             0.11558,            0.012867,           0.0099898,           0.0099898,           0.0099898
                  33,            0.036313,            0.079873,           0.0097823,             0.40341,             0.82113,             0.54169,             0.44003,            0.029617,             0.11425,            0.010077,           0.0099894,           0.0099894,           0.0099894
                  34,            0.035323,            0.076265,           0.0095915,             0.43213,             0.84308,             0.52788,             0.38845,            0.030282,             0.11021,            0.009748,           0.0099891,           0.0099891,           0.0099891
                  35,            0.034836,            0.077765,            0.009578,              0.3794,              0.8646,             0.53904,             0.40833,            0.032221,             0.11737,            0.011656,           0.0099888,           0.0099888,           0.0099888
                  36,            0.035077,            0.075158,           0.0092353,             0.40398,             0.84035,             0.57712,             0.40296,            0.030878,             0.10629,            0.010307,           0.0099884,           0.0099884,           0.0099884
                  37,            0.034266,            0.073472,           0.0089267,             0.44698,               0.765,             0.49894,             0.39059,            0.028567,             0.10989,            0.010273,           0.0099881,           0.0099881,           0.0099881
                  38,            0.034505,            0.077229,            0.008824,             0.41322,               0.762,             0.52434,             0.39746,            0.031426,              0.1123,           0.0091999,           0.0099878,           0.0099878,           0.0099878
                  39,            0.034238,            0.075736,           0.0088253,             0.37269,             0.82866,             0.52042,              0.3844,            0.029022,             0.11466,            0.010583,           0.0099875,           0.0099875,           0.0099875
                  40,            0.034022,            0.074149,           0.0090102,             0.41002,             0.84087,             0.54817,             0.38977,            0.031817,             0.11712,            0.010644,           0.0099871,           0.0099871,           0.0099871
                  41,            0.034582,            0.074437,           0.0087376,             0.41169,              0.8252,             0.53157,             0.41469,            0.028622,             0.11511,           0.0092496,           0.0099868,           0.0099868,           0.0099868
                  42,            0.033933,            0.072663,            0.008454,             0.44462,             0.82194,             0.59076,              0.4589,            0.029349,             0.10963,           0.0088126,           0.0099865,           0.0099865,           0.0099865
                  43,            0.032315,            0.073133,           0.0082376,             0.40571,             0.79533,              0.5004,             0.39062,            0.028485,             0.11666,           0.0093011,           0.0099861,           0.0099861,           0.0099861
                  44,            0.033534,            0.072665,           0.0081917,             0.39973,             0.85639,             0.52882,             0.40613,            0.028917,             0.11492,           0.0090773,           0.0099858,           0.0099858,           0.0099858
                  45,            0.033726,            0.072365,           0.0081072,             0.43699,             0.83971,             0.52267,             0.39344,            0.029451,              0.1105,            0.010785,           0.0099855,           0.0099855,           0.0099855
                  46,            0.032738,            0.073734,           0.0081605,             0.35373,             0.78445,             0.58046,             0.44747,            0.029187,             0.11772,            0.012633,           0.0099851,           0.0099851,           0.0099851
                  47,             0.03309,            0.071691,           0.0080263,             0.39673,             0.81752,             0.59925,              0.4813,            0.029541,             0.11803,           0.0094237,           0.0099848,           0.0099848,           0.0099848
                  48,            0.032812,            0.072001,           0.0077378,             0.38935,             0.81727,             0.52422,             0.42223,            0.029757,             0.12095,           0.0095423,           0.0099845,           0.0099845,           0.0099845
                  49,            0.033659,            0.072592,           0.0077682,             0.43257,              0.7826,             0.55264,             0.42185,            0.028687,             0.11844,           0.0088917,           0.0099842,           0.0099842,           0.0099842
                  50,            0.032528,            0.071869,           0.0075207,             0.46712,             0.78469,             0.60584,             0.47386,            0.029552,             0.11497,           0.0082942,           0.0099838,           0.0099838,           0.0099838
                  51,            0.032591,            0.070869,           0.0075617,             0.43027,             0.78657,              0.5241,             0.42348,             0.02804,             0.11279,            0.010689,           0.0099835,           0.0099835,           0.0099835
                  52,            0.032751,            0.070097,           0.0076121,             0.44052,             0.78976,              0.5327,             0.40914,            0.028531,             0.11946,           0.0086948,           0.0099832,           0.0099832,           0.0099832
                  53,            0.032399,            0.070628,           0.0074747,             0.45058,             0.81004,             0.47281,             0.37806,            0.027036,             0.11544,           0.0084488,           0.0099828,           0.0099828,           0.0099828
                  54,            0.032045,            0.069476,            0.007301,             0.43563,             0.81943,             0.56074,             0.44603,              0.0262,             0.11115,           0.0078185,           0.0099825,           0.0099825,           0.0099825
                  55,            0.032158,            0.069473,           0.0072279,             0.41528,             0.79333,             0.51038,             0.42651,            0.027227,             0.11998,            0.011003,           0.0099822,           0.0099822,           0.0099822
                  56,            0.031652,            0.068343,           0.0068618,             0.39998,             0.84251,             0.51748,             0.42756,            0.027151,             0.11624,           0.0087267,           0.0099819,           0.0099819,           0.0099819
                  57,             0.03269,            0.070862,            0.007155,             0.43357,             0.86448,             0.54169,             0.44567,            0.026699,             0.11498,           0.0080096,           0.0099815,           0.0099815,           0.0099815
                  58,            0.031837,            0.069326,           0.0069311,             0.41245,             0.80087,             0.52964,             0.42508,            0.028552,             0.12096,           0.0097765,           0.0099812,           0.0099812,           0.0099812
                  59,            0.031477,            0.070414,           0.0069223,             0.42902,             0.81727,             0.48051,             0.38498,            0.027881,             0.12534,            0.010172,           0.0099809,           0.0099809,           0.0099809
                  60,            0.032506,            0.067908,            0.007202,             0.40105,              0.7796,             0.47027,             0.37033,            0.027659,             0.12449,           0.0087819,           0.0099805,           0.0099805,           0.0099805
                  61,            0.030857,             0.06836,           0.0069968,             0.44497,             0.75866,             0.53638,             0.43119,            0.027999,             0.12548,           0.0075557,           0.0099802,           0.0099802,           0.0099802
                  62,            0.031954,            0.070561,           0.0068377,             0.42793,             0.80982,             0.55214,             0.42698,            0.027433,             0.11988,           0.0082607,           0.0099799,           0.0099799,           0.0099799
                  63,            0.031775,             0.06846,           0.0069122,             0.44303,             0.80894,              0.5606,             0.43393,            0.027265,             0.11396,           0.0099251,           0.0099795,           0.0099795,           0.0099795
                  64,            0.031502,            0.067976,           0.0065961,             0.41187,             0.78867,             0.53842,             0.42002,            0.028525,              0.1245,           0.0094074,           0.0099792,           0.0099792,           0.0099792
                  65,            0.031747,            0.067915,           0.0068045,              0.4385,              0.7994,             0.53319,             0.43468,            0.026517,             0.11556,           0.0082698,           0.0099789,           0.0099789,           0.0099789
                  66,            0.030858,            0.067378,           0.0066636,             0.45558,             0.82357,             0.54838,             0.43455,            0.027016,             0.11661,           0.0079732,           0.0099786,           0.0099786,           0.0099786
                  67,            0.031532,            0.068173,           0.0067302,             0.43997,             0.85748,              0.5522,             0.42106,            0.027665,             0.11754,            0.008404,           0.0099782,           0.0099782,           0.0099782
                  68,            0.030929,            0.066833,           0.0066051,             0.46157,             0.78786,             0.51598,              0.3941,            0.029001,             0.11768,           0.0073739,           0.0099779,           0.0099779,           0.0099779
                  69,            0.030832,             0.06731,           0.0066567,             0.43957,             0.78159,              0.5702,             0.43441,            0.028237,             0.12127,           0.0079104,           0.0099776,           0.0099776,           0.0099776
                  70,            0.030292,            0.066712,           0.0066599,             0.42875,             0.83807,             0.54188,             0.41952,            0.028519,             0.11762,           0.0069763,           0.0099772,           0.0099772,           0.0099772
                  71,            0.030348,            0.066119,           0.0067179,             0.43141,             0.75533,             0.55202,             0.44714,              0.0269,             0.12433,           0.0084039,           0.0099769,           0.0099769,           0.0099769
                  72,            0.030901,            0.067743,           0.0065483,             0.45002,             0.78861,             0.50375,             0.40788,             0.02715,             0.12006,           0.0078552,           0.0099766,           0.0099766,           0.0099766
                  73,            0.031513,            0.068006,           0.0065992,             0.45424,             0.78462,             0.53929,             0.43525,            0.026665,             0.10825,           0.0081253,           0.0099762,           0.0099762,           0.0099762
                  74,            0.030585,            0.065575,           0.0064778,             0.44637,             0.77011,             0.57871,             0.48386,            0.024902,              0.1141,            0.008267,           0.0099759,           0.0099759,           0.0099759
                  75,            0.030547,            0.066752,           0.0063487,             0.41823,             0.81359,             0.50048,             0.39311,            0.025783,             0.11824,           0.0087995,           0.0099756,           0.0099756,           0.0099756
                  76,            0.030663,            0.065839,           0.0064852,             0.44455,             0.80096,             0.53825,             0.42527,             0.02694,             0.11589,           0.0082292,           0.0099753,           0.0099753,           0.0099753
                  77,            0.029853,            0.065274,            0.006273,             0.44794,             0.81177,             0.53008,             0.41775,            0.027121,             0.12191,           0.0088466,           0.0099749,           0.0099749,           0.0099749
                  78,            0.030405,            0.066587,           0.0063224,             0.44263,              0.8027,             0.47865,             0.38115,            0.026624,             0.11931,           0.0077574,           0.0099746,           0.0099746,           0.0099746
                  79,            0.030375,             0.06681,           0.0063319,             0.45548,             0.77513,             0.58508,             0.46827,            0.025334,             0.11608,           0.0084795,           0.0099743,           0.0099743,           0.0099743
                  80,            0.030277,            0.065747,           0.0062856,             0.44792,             0.79317,             0.48705,             0.39066,            0.027144,             0.12017,           0.0084179,           0.0099739,           0.0099739,           0.0099739
                  81,            0.030244,            0.067178,           0.0062767,             0.43337,             0.80909,              0.5367,             0.43271,             0.02671,             0.12032,           0.0079054,           0.0099736,           0.0099736,           0.0099736
                  82,             0.03003,            0.065277,            0.006053,             0.45544,              0.8384,             0.62494,             0.51065,            0.025332,             0.11722,           0.0067604,           0.0099733,           0.0099733,           0.0099733
                  83,            0.030402,             0.06648,           0.0063859,             0.45037,             0.80785,             0.56767,             0.44933,            0.025619,              0.1196,            0.007303,           0.0099729,           0.0099729,           0.0099729
                  84,            0.030174,            0.066531,           0.0061745,             0.45498,             0.84663,             0.55513,             0.44966,            0.027072,             0.11771,           0.0073307,           0.0099726,           0.0099726,           0.0099726
                  85,            0.030586,            0.064415,            0.006133,             0.44807,             0.82541,             0.54452,             0.43924,            0.026957,             0.11987,           0.0085995,           0.0099723,           0.0099723,           0.0099723
                  86,              0.0297,            0.064917,           0.0059407,             0.46095,             0.82272,             0.49746,             0.39649,            0.026658,             0.12038,           0.0081329,            0.009972,            0.009972,            0.009972
                  87,            0.030402,            0.065065,           0.0059615,             0.44781,             0.76724,             0.56345,             0.45558,             0.02552,             0.11916,           0.0086999,           0.0099716,           0.0099716,           0.0099716
                  88,            0.029845,            0.064811,            0.006083,             0.41542,             0.81882,             0.53205,             0.40789,            0.026537,             0.12909,            0.008263,           0.0099713,           0.0099713,           0.0099713
                  89,            0.029975,            0.063239,           0.0060222,             0.44435,             0.81409,             0.47287,              0.3773,            0.026961,             0.12262,             0.00745,            0.009971,            0.009971,            0.009971
                  90,            0.029882,             0.06564,           0.0061713,              0.4656,             0.79343,             0.55363,             0.44114,             0.02709,             0.11367,           0.0072072,           0.0099706,           0.0099706,           0.0099706
                  91,            0.029886,            0.064041,           0.0060843,              0.4529,             0.80973,             0.55774,             0.44655,            0.026409,             0.12035,           0.0076989,           0.0099703,           0.0099703,           0.0099703
                  92,            0.029697,            0.065218,           0.0061046,             0.44647,             0.81688,             0.60601,             0.49883,            0.025758,             0.11785,            0.006571,             0.00997,             0.00997,             0.00997
                  93,             0.03001,             0.06352,           0.0057126,             0.42032,             0.82731,             0.56966,             0.44879,            0.026742,              0.1305,           0.0074309,           0.0099696,           0.0099696,           0.0099696
                  94,            0.029348,            0.064756,           0.0059319,             0.45725,             0.79509,             0.50035,             0.39686,            0.027295,             0.12508,           0.0080873,           0.0099693,           0.0099693,           0.0099693
                  95,            0.029566,            0.063844,           0.0057937,             0.45422,             0.76099,             0.50674,             0.41016,            0.026608,             0.12366,           0.0087237,            0.009969,            0.009969,            0.009969
                  96,            0.030137,            0.064007,           0.0059649,             0.45014,             0.78685,             0.49836,              0.4066,            0.026352,             0.12208,           0.0080189,           0.0099687,           0.0099687,           0.0099687
                  97,            0.029517,            0.064126,           0.0058398,             0.45643,             0.78575,             0.54421,             0.44897,            0.025413,             0.12637,           0.0071178,           0.0099683,           0.0099683,           0.0099683
                  98,            0.029539,            0.063592,           0.0055754,             0.44272,             0.82041,             0.53993,             0.41623,            0.026155,             0.13142,           0.0074808,            0.009968,            0.009968,            0.009968
                  99,             0.03022,            0.063352,           0.0057822,             0.45097,             0.80751,             0.47773,              0.3978,            0.025972,             0.11733,           0.0074906,           0.0099677,           0.0099677,           0.0099677
                 100,            0.028752,            0.061494,           0.0056931,              0.4605,             0.79329,             0.50479,             0.40866,            0.025618,             0.12277,           0.0076428,           0.0099673,           0.0099673,           0.0099673
                 101,            0.028856,            0.063191,           0.0055811,             0.44265,             0.84046,             0.54008,              0.4371,            0.026842,             0.11965,           0.0067442,            0.009967,            0.009967,            0.009967
                 102,             0.02946,            0.063508,           0.0056965,             0.44958,             0.81073,             0.53538,             0.41876,            0.026963,             0.12275,           0.0071646,           0.0099667,           0.0099667,           0.0099667
                 103,            0.028966,             0.06179,           0.0055296,             0.49602,             0.70408,             0.53171,             0.41331,            0.026509,              0.1289,            0.009182,           0.0099663,           0.0099663,           0.0099663
                 104,            0.028751,             0.06203,           0.0055801,              0.4522,             0.79695,              0.5535,             0.44487,            0.027118,             0.12961,           0.0076013,            0.009966,            0.009966,            0.009966
                 105,            0.029239,            0.064503,           0.0057024,             0.44376,             0.79044,             0.57894,             0.46395,            0.026447,             0.12573,           0.0077187,           0.0099657,           0.0099657,           0.0099657
                 106,            0.028623,             0.06228,           0.0056511,              0.4426,             0.79864,             0.53144,              0.4429,            0.026736,             0.12657,           0.0079141,           0.0099654,           0.0099654,           0.0099654
                 107,            0.028556,            0.060142,           0.0054145,             0.43494,             0.78623,             0.51922,             0.42879,            0.026377,              0.1269,           0.0087759,            0.009965,            0.009965,            0.009965
                 108,            0.028345,            0.062325,           0.0056609,             0.47256,             0.78557,             0.55224,             0.43396,            0.025666,             0.12555,           0.0073562,           0.0099647,           0.0099647,           0.0099647
                 109,            0.029144,            0.062444,           0.0057177,             0.43832,             0.83039,             0.58587,             0.48288,            0.025371,             0.12628,           0.0070202,           0.0099644,           0.0099644,           0.0099644
                 110,            0.028647,            0.061217,           0.0055348,             0.47443,             0.78541,             0.59359,             0.47714,            0.025769,             0.12561,           0.0063887,            0.009964,            0.009964,            0.009964
                 111,            0.028941,            0.062454,           0.0055087,              0.4455,             0.80989,             0.55659,             0.43941,            0.026918,             0.12547,           0.0081715,           0.0099637,           0.0099637,           0.0099637
                 112,            0.028371,            0.060497,           0.0055786,             0.46958,             0.79669,             0.46658,             0.37147,            0.026975,             0.11935,            0.007456,           0.0099634,           0.0099634,           0.0099634
                 113,            0.029501,            0.063651,           0.0056944,             0.43572,             0.83646,             0.52247,             0.42757,            0.026203,             0.12375,            0.006949,            0.009963,            0.009963,            0.009963
                 114,            0.029357,            0.063222,           0.0054707,             0.46468,             0.82041,             0.60184,             0.47502,            0.025137,             0.12549,            0.007717,           0.0099627,           0.0099627,           0.0099627
                 115,            0.029143,            0.062571,           0.0055774,             0.43761,             0.79755,             0.59596,             0.49792,            0.025545,             0.12522,           0.0091345,           0.0099624,           0.0099624,           0.0099624
                 116,            0.028543,             0.06107,           0.0056022,             0.45308,             0.84663,             0.60764,             0.48268,            0.024828,             0.12278,           0.0075967,           0.0099621,           0.0099621,           0.0099621
                 117,            0.028942,             0.06114,           0.0054947,             0.43808,             0.81347,             0.57777,             0.47918,            0.025965,              0.1322,           0.0075204,           0.0099617,           0.0099617,           0.0099617
                 118,            0.028501,            0.060502,           0.0054158,             0.44598,             0.84797,             0.60393,             0.47741,            0.025389,             0.12357,           0.0087323,           0.0099614,           0.0099614,           0.0099614
                 119,            0.028566,            0.061863,           0.0053827,             0.45155,             0.80194,             0.59026,              0.4563,            0.025262,             0.12421,           0.0071049,           0.0099611,           0.0099611,           0.0099611
                 120,            0.029417,            0.062777,           0.0054618,             0.44239,             0.78015,             0.52185,              0.4208,            0.024868,             0.13183,           0.0078602,           0.0099607,           0.0099607,           0.0099607
                 121,            0.028621,            0.060699,           0.0053819,             0.45766,             0.81365,             0.50842,             0.39532,            0.025497,             0.12392,           0.0075003,           0.0099604,           0.0099604,           0.0099604
                 122,             0.02914,            0.063862,           0.0056384,              0.4789,             0.80706,             0.55508,             0.44931,            0.026254,             0.12762,           0.0076836,           0.0099601,           0.0099601,           0.0099601
                 123,            0.028868,            0.062274,           0.0053433,             0.45673,             0.80107,             0.55977,             0.44769,            0.025955,             0.12734,           0.0066466,           0.0099597,           0.0099597,           0.0099597
                 124,            0.028774,            0.062156,           0.0053379,              0.4722,             0.79212,             0.56269,             0.46069,            0.025441,             0.11651,           0.0071292,           0.0099594,           0.0099594,           0.0099594
                 125,            0.028605,            0.060896,           0.0053889,             0.42445,             0.85734,             0.50753,             0.40932,            0.026074,              0.1204,            0.007696,           0.0099591,           0.0099591,           0.0099591
                 126,            0.028327,            0.060711,            0.005522,             0.48272,             0.80571,             0.59508,             0.48899,            0.026153,             0.13084,           0.0079565,           0.0099588,           0.0099588,           0.0099588
                 127,            0.028267,            0.061632,           0.0053323,             0.46921,             0.80981,             0.62073,             0.51821,            0.025158,             0.12496,           0.0074451,           0.0099584,           0.0099584,           0.0099584
                 128,            0.028326,            0.060423,            0.005182,             0.44924,              0.8104,             0.50677,             0.40941,            0.025219,             0.12378,           0.0073113,           0.0099581,           0.0099581,           0.0099581
                 129,            0.028433,            0.061022,           0.0055706,             0.47352,             0.77119,             0.56929,             0.47693,            0.025701,              0.1238,            0.007484,           0.0099578,           0.0099578,           0.0099578
                 130,            0.029119,            0.062027,           0.0052807,              0.4441,             0.84008,             0.59748,              0.4858,            0.024348,             0.12142,           0.0067349,           0.0099574,           0.0099574,           0.0099574
                 131,            0.027922,            0.061405,           0.0053895,             0.44587,             0.84154,              0.5149,              0.4215,            0.025038,             0.12344,           0.0076038,           0.0099571,           0.0099571,           0.0099571
                 132,            0.029066,            0.061741,           0.0052542,             0.44395,             0.82472,             0.59556,             0.48283,            0.024314,                0.12,           0.0069164,           0.0099568,           0.0099568,           0.0099568
                 133,            0.028544,            0.060005,           0.0052797,             0.43436,             0.81329,             0.55763,             0.45029,            0.024861,             0.12498,           0.0077947,           0.0099564,           0.0099564,           0.0099564
                 134,            0.028227,            0.059657,           0.0051961,             0.46378,             0.82274,             0.52611,             0.41106,            0.025496,             0.12569,           0.0066294,           0.0099561,           0.0099561,           0.0099561
                 135,            0.028348,            0.059845,           0.0053455,             0.45304,             0.80468,             0.55406,             0.44915,             0.02499,             0.13023,           0.0074384,           0.0099558,           0.0099558,           0.0099558
                 136,            0.028348,            0.059252,           0.0053018,             0.43873,             0.82351,             0.55888,             0.44787,            0.024717,             0.12686,           0.0072676,           0.0099555,           0.0099555,           0.0099555
                 137,            0.028446,            0.060591,            0.005141,              0.4351,             0.80972,             0.54538,             0.44621,            0.024715,             0.13239,           0.0078007,           0.0099551,           0.0099551,           0.0099551
                 138,            0.028131,            0.060797,           0.0052816,             0.45899,             0.85021,             0.58496,             0.45623,            0.025584,             0.13477,           0.0068915,           0.0099548,           0.0099548,           0.0099548
                 139,             0.02809,            0.060335,           0.0049713,             0.42447,             0.86468,             0.62524,             0.46783,            0.026628,             0.13834,           0.0073879,           0.0099545,           0.0099545,           0.0099545
                 140,            0.028447,            0.061761,           0.0051789,             0.42306,             0.82819,             0.49724,             0.38929,            0.026265,             0.14138,           0.0077658,           0.0099541,           0.0099541,           0.0099541
                 141,             0.02838,            0.060731,           0.0053838,              0.4467,             0.84681,             0.56454,             0.44003,            0.025012,              0.1286,           0.0074886,           0.0099538,           0.0099538,           0.0099538
                 142,            0.027693,            0.058912,           0.0053681,             0.43271,             0.83141,             0.55571,             0.44539,            0.024016,             0.12888,           0.0069845,           0.0099535,           0.0099535,           0.0099535
                 143,            0.027489,            0.059766,            0.005092,             0.41753,             0.81246,             0.55073,             0.44101,             0.02532,             0.13172,           0.0084749,           0.0099531,           0.0099531,           0.0099531
                 144,            0.027972,            0.058134,           0.0051192,             0.44168,             0.79008,             0.58327,             0.47248,            0.025531,             0.12836,           0.0069572,           0.0099528,           0.0099528,           0.0099528
                 145,            0.028477,            0.060841,           0.0051136,             0.42933,             0.81767,             0.48812,             0.38831,            0.025785,             0.12856,           0.0066517,           0.0099525,           0.0099525,           0.0099525
                 146,            0.027946,            0.060914,           0.0050865,             0.41905,             0.83282,             0.58991,             0.47004,            0.025386,             0.13383,           0.0076747,           0.0099521,           0.0099521,           0.0099521
                 147,            0.027465,            0.059467,           0.0049189,             0.42498,             0.84527,             0.61935,             0.49715,            0.024852,             0.12702,           0.0079393,           0.0099518,           0.0099518,           0.0099518
                 148,            0.027782,            0.060316,           0.0050705,             0.42569,             0.77943,             0.53982,             0.43998,            0.024603,             0.12968,           0.0079902,           0.0099515,           0.0099515,           0.0099515
                 149,            0.028317,            0.059957,            0.005053,             0.44788,             0.84223,             0.53727,             0.42569,            0.024724,             0.12543,           0.0076036,           0.0099512,           0.0099512,           0.0099512
                 150,            0.027647,            0.060127,           0.0052081,             0.44495,             0.83383,             0.52843,             0.41932,            0.025799,              0.1308,           0.0074917,           0.0099508,           0.0099508,           0.0099508
                 151,            0.028423,            0.060842,           0.0051893,             0.44548,             0.80902,             0.58827,             0.47646,            0.025656,              0.1258,           0.0079597,           0.0099505,           0.0099505,           0.0099505
                 152,            0.027926,            0.058833,           0.0049604,             0.43935,             0.83282,             0.49165,             0.39203,            0.026219,             0.13007,           0.0079297,           0.0099502,           0.0099502,           0.0099502
                 153,            0.028445,            0.061392,           0.0049319,             0.44189,             0.82248,             0.50665,             0.40067,            0.025999,             0.13306,           0.0076599,           0.0099498,           0.0099498,           0.0099498
                 154,            0.028042,            0.059447,           0.0051819,             0.42915,              0.8594,             0.55254,             0.44511,            0.025481,             0.12468,           0.0076998,           0.0099495,           0.0099495,           0.0099495
                 155,            0.027922,            0.059809,           0.0050079,             0.46481,             0.81211,             0.61887,             0.50808,            0.024594,             0.12856,           0.0071466,           0.0099492,           0.0099492,           0.0099492
                 156,            0.027542,             0.06006,           0.0050623,             0.44845,             0.82451,             0.59174,             0.47963,            0.025782,             0.12652,           0.0080689,           0.0099489,           0.0099489,           0.0099489
                 157,            0.027665,            0.058619,           0.0051545,             0.41194,             0.83282,             0.53172,             0.42984,            0.025457,             0.13204,           0.0064042,           0.0099485,           0.0099485,           0.0099485
                 158,            0.027146,            0.058907,           0.0049127,             0.44685,             0.84588,             0.54761,             0.44066,            0.024235,             0.13015,           0.0070507,           0.0099482,           0.0099482,           0.0099482
                 159,            0.027777,            0.058008,            0.004899,             0.45213,             0.84981,              0.5274,             0.41032,            0.025422,             0.12979,           0.0067104,           0.0099479,           0.0099479,           0.0099479
                 160,            0.027266,            0.059422,           0.0050349,             0.46256,              0.8455,             0.56631,             0.45281,            0.024731,              0.1268,             0.00638,           0.0099475,           0.0099475,           0.0099475
                 161,            0.027829,            0.059124,            0.005062,             0.44806,             0.79311,             0.47649,             0.38556,            0.025136,             0.13312,           0.0095494,           0.0099472,           0.0099472,           0.0099472
                 162,            0.027507,            0.058885,           0.0050235,             0.49076,             0.71173,             0.60411,              0.5046,             0.02516,             0.12731,           0.0085342,           0.0099469,           0.0099469,           0.0099469
                 163,             0.02815,            0.059332,           0.0049483,             0.40789,             0.84581,             0.59717,             0.50267,            0.025486,             0.12845,           0.0076145,           0.0099465,           0.0099465,           0.0099465
                 164,            0.027819,            0.059284,           0.0049512,             0.43437,             0.78159,             0.49321,             0.39309,            0.025016,             0.12911,           0.0088541,           0.0099462,           0.0099462,           0.0099462
                 165,            0.027781,            0.060109,           0.0049419,              0.4604,             0.79456,             0.58706,               0.479,            0.025591,              0.1289,           0.0071551,           0.0099459,           0.0099459,           0.0099459
                 166,            0.027639,            0.057988,           0.0050713,             0.43767,             0.78185,             0.54821,             0.44568,            0.025188,              0.1283,           0.0080853,           0.0099456,           0.0099456,           0.0099456
                 167,             0.02766,            0.058114,           0.0048527,             0.44226,             0.87339,             0.51515,             0.40938,            0.024484,             0.13147,            0.006355,           0.0099452,           0.0099452,           0.0099452
                 168,            0.027839,            0.059223,            0.005134,             0.44385,             0.80988,              0.4834,             0.39607,            0.024691,             0.12481,            0.006305,           0.0099449,           0.0099449,           0.0099449
                 169,            0.027734,            0.058916,           0.0048836,              0.4527,             0.87224,             0.56721,             0.46578,            0.024972,             0.12392,            0.007712,           0.0099446,           0.0099446,           0.0099446
                 170,            0.027189,            0.058329,           0.0046995,             0.44935,             0.80755,             0.59113,             0.48136,            0.025084,             0.11899,           0.0078266,           0.0099442,           0.0099442,           0.0099442
                 171,            0.027366,             0.05872,           0.0049061,             0.44435,             0.80324,             0.55338,             0.44965,            0.023956,             0.12698,           0.0083272,           0.0099439,           0.0099439,           0.0099439
                 172,            0.027677,            0.057723,           0.0049782,             0.43846,             0.80216,             0.50675,             0.42866,            0.024278,             0.12294,           0.0089886,           0.0099436,           0.0099436,           0.0099436
                 173,            0.027786,            0.058812,           0.0048851,             0.43824,             0.80973,             0.52094,             0.41787,            0.024546,             0.12507,           0.0070588,           0.0099432,           0.0099432,           0.0099432
                 174,            0.027134,            0.058716,             0.00496,             0.44788,             0.81246,             0.60303,             0.48989,            0.025015,             0.12694,            0.008657,           0.0099429,           0.0099429,           0.0099429
                 175,            0.027397,            0.058107,           0.0049649,               0.444,             0.80973,             0.55553,             0.46375,            0.024812,             0.12343,            0.008009,           0.0099426,           0.0099426,           0.0099426
                 176,            0.027934,            0.058194,           0.0048296,             0.46298,             0.82125,             0.58713,             0.47896,            0.024431,             0.12677,           0.0055897,           0.0099422,           0.0099422,           0.0099422
                 177,            0.027172,            0.058916,            0.004914,             0.45037,             0.85334,             0.55168,              0.4504,             0.02483,             0.13299,           0.0065045,           0.0099419,           0.0099419,           0.0099419
                 178,            0.027492,            0.058701,            0.004927,              0.4369,             0.80218,             0.56525,             0.46023,            0.024952,             0.13264,           0.0067721,           0.0099416,           0.0099416,           0.0099416
                 179,            0.027274,            0.059181,           0.0048447,             0.44359,             0.85188,             0.56352,             0.44383,            0.025473,              0.1309,           0.0074503,           0.0099413,           0.0099413,           0.0099413
                 180,            0.026584,            0.056803,            0.004804,             0.46107,             0.81533,             0.59612,             0.47446,            0.025789,             0.12984,           0.0076772,           0.0099409,           0.0099409,           0.0099409
                 181,            0.027376,             0.05773,           0.0049458,             0.45714,             0.81443,             0.54922,             0.44983,            0.026035,             0.13144,           0.0079796,           0.0099406,           0.0099406,           0.0099406
                 182,            0.027315,            0.057742,            0.004968,             0.42579,             0.84556,             0.56451,             0.43801,             0.02589,             0.13087,           0.0086086,           0.0099403,           0.0099403,           0.0099403
                 183,            0.026919,            0.056292,           0.0048566,             0.44424,             0.84388,               0.609,             0.47313,            0.024949,             0.12583,           0.0091052,           0.0099399,           0.0099399,           0.0099399
                 184,            0.026667,            0.057986,           0.0047822,             0.43618,             0.84521,             0.56551,             0.46019,            0.026209,             0.13053,           0.0078512,           0.0099396,           0.0099396,           0.0099396
                 185,            0.027599,            0.058133,            0.004784,             0.41996,             0.84425,             0.52369,             0.40845,            0.025434,             0.13259,           0.0088875,           0.0099393,           0.0099393,           0.0099393
                 186,            0.027429,            0.057687,            0.004893,             0.44176,             0.82899,             0.52105,             0.42197,            0.025544,             0.13813,           0.0073636,            0.009939,            0.009939,            0.009939
                 187,            0.026707,            0.057052,           0.0047723,             0.43894,             0.84581,             0.55962,             0.45808,            0.025223,              0.1304,           0.0064292,           0.0099386,           0.0099386,           0.0099386
                 188,            0.027156,            0.057484,           0.0048458,             0.44587,             0.84898,             0.51763,             0.42093,             0.02419,             0.12937,           0.0064945,           0.0099383,           0.0099383,           0.0099383
                 189,            0.027629,            0.058371,           0.0047287,             0.44721,             0.81708,             0.56827,             0.46718,            0.024416,             0.12994,           0.0074379,            0.009938,            0.009938,            0.009938
                 190,            0.027038,            0.057825,           0.0048213,              0.4739,              0.8212,             0.58756,             0.48559,            0.022956,             0.13232,           0.0074561,           0.0099376,           0.0099376,           0.0099376
                 191,            0.027444,            0.057222,           0.0047792,             0.45032,              0.8379,             0.55982,              0.4661,            0.023982,             0.13219,           0.0078181,           0.0099373,           0.0099373,           0.0099373
                 192,            0.027299,            0.057453,           0.0047651,             0.45246,               0.857,             0.51485,             0.42977,            0.024397,              0.1275,           0.0069451,            0.009937,            0.009937,            0.009937
                 193,            0.027783,            0.057914,           0.0048735,             0.45341,             0.78579,             0.51648,             0.42929,             0.02398,             0.12286,           0.0071003,           0.0099366,           0.0099366,           0.0099366
                 194,            0.026993,            0.055947,           0.0046862,             0.44718,             0.83517,             0.56928,             0.46701,            0.024168,             0.12739,           0.0076085,           0.0099363,           0.0099363,           0.0099363
                 195,            0.026553,            0.057466,           0.0048315,             0.45353,             0.82644,             0.55911,             0.45549,            0.024018,             0.12977,           0.0066973,            0.009936,            0.009936,            0.009936
                 196,             0.02711,            0.056882,           0.0048798,              0.4444,             0.78752,              0.5076,             0.42194,             0.02483,             0.13241,             0.00676,           0.0099357,           0.0099357,           0.0099357
                 197,            0.027714,            0.058404,           0.0048215,             0.42588,             0.84581,             0.59148,             0.48604,            0.025107,             0.12932,           0.0069849,           0.0099353,           0.0099353,           0.0099353
                 198,            0.027055,            0.058131,           0.0047696,             0.45079,             0.81992,             0.62014,              0.5229,            0.023884,             0.13172,           0.0071364,            0.009935,            0.009935,            0.009935
                 199,             0.02668,            0.056682,           0.0047333,             0.43957,             0.83066,             0.54668,             0.46313,             0.02452,             0.13175,            0.007365,           0.0099347,           0.0099347,           0.0099347
                 200,            0.026905,            0.057435,           0.0047233,              0.4397,             0.85377,             0.61935,             0.52883,            0.023721,             0.13533,           0.0065676,           0.0099343,           0.0099343,           0.0099343
                 201,            0.026747,            0.056074,           0.0047699,             0.45694,              0.8289,             0.50825,             0.40743,            0.025452,             0.13998,            0.008156,            0.009934,            0.009934,            0.009934
                 202,            0.026668,            0.057995,           0.0047014,             0.44715,             0.82272,             0.53317,             0.44338,            0.025348,             0.13771,           0.0066172,           0.0099337,           0.0099337,           0.0099337
                 203,            0.026426,            0.057136,           0.0048658,             0.46446,              0.7996,             0.56165,             0.43659,            0.026316,             0.13532,           0.0066829,           0.0099333,           0.0099333,           0.0099333
                 204,            0.027309,            0.057068,           0.0047662,             0.44623,             0.79714,             0.58759,             0.47718,            0.025635,             0.13343,           0.0070008,            0.009933,            0.009933,            0.009933
                 205,            0.027073,            0.056982,           0.0047497,             0.45321,             0.80914,             0.52866,             0.44272,            0.024599,             0.12674,           0.0071258,           0.0099327,           0.0099327,           0.0099327
                 206,            0.026335,            0.056077,           0.0045702,              0.4313,             0.84894,             0.57105,             0.45157,            0.024753,             0.13559,           0.0068786,           0.0099323,           0.0099323,           0.0099323
                 207,            0.026637,             0.05648,           0.0047105,             0.43573,             0.85738,             0.57173,             0.46888,            0.024852,             0.12895,           0.0068254,            0.009932,            0.009932,            0.009932
                 208,            0.026875,            0.057082,           0.0049155,             0.49403,             0.80944,             0.59723,             0.50197,            0.024621,             0.13148,           0.0079887,           0.0099317,           0.0099317,           0.0099317
                 209,            0.027267,            0.056282,           0.0047206,             0.45153,             0.84217,             0.58069,             0.48481,            0.024365,             0.12336,           0.0073509,           0.0099314,           0.0099314,           0.0099314
                 210,            0.027644,            0.058131,           0.0049189,             0.45289,             0.84275,              0.5919,             0.49187,            0.024781,             0.13336,           0.0072184,            0.009931,            0.009931,            0.009931
                 211,            0.027514,             0.05787,           0.0048751,             0.43897,               0.829,             0.55244,             0.44473,            0.025437,             0.13335,           0.0071104,           0.0099307,           0.0099307,           0.0099307
                 212,            0.026801,            0.057221,            0.004769,             0.46256,              0.8223,             0.56886,             0.45985,            0.025725,             0.12913,           0.0076872,           0.0099304,           0.0099304,           0.0099304
                 213,            0.027175,            0.058155,           0.0046982,             0.45406,             0.82697,              0.5018,             0.40561,            0.025471,             0.13772,           0.0072635,             0.00993,             0.00993,             0.00993
                 214,            0.026578,            0.056541,           0.0046541,             0.43158,             0.85044,             0.55026,             0.45133,            0.024814,             0.13871,           0.0075366,           0.0099297,           0.0099297,           0.0099297
                 215,            0.026898,            0.057794,           0.0048082,              0.4324,              0.8379,             0.58084,             0.47538,            0.024651,             0.13901,           0.0080074,           0.0099294,           0.0099294,           0.0099294
                 216,             0.02683,            0.056719,           0.0047537,             0.43622,             0.82352,              0.5729,             0.46865,            0.025686,             0.14086,           0.0077057,           0.0099291,           0.0099291,           0.0099291
                 217,            0.027058,            0.056775,           0.0046223,             0.50323,             0.72099,             0.54539,              0.4344,            0.024939,             0.13968,           0.0073936,           0.0099287,           0.0099287,           0.0099287
                 218,            0.026896,             0.05674,           0.0048171,             0.43563,             0.84217,             0.54094,             0.45317,            0.025425,             0.13789,           0.0071588,           0.0099284,           0.0099284,           0.0099284
                 219,            0.026659,            0.058189,            0.004651,              0.4487,             0.81819,             0.51313,             0.41234,            0.025218,             0.13876,           0.0069805,           0.0099281,           0.0099281,           0.0099281
                 220,            0.026723,            0.057344,           0.0047267,             0.43178,             0.82667,             0.48621,             0.41174,            0.024667,             0.13795,           0.0065855,           0.0099277,           0.0099277,           0.0099277
                 221,             0.02749,            0.056803,           0.0046952,             0.45469,             0.82753,             0.55887,             0.44841,            0.024388,             0.13059,           0.0075009,           0.0099274,           0.0099274,           0.0099274
                 222,            0.027046,            0.057669,           0.0047376,             0.44821,             0.83109,             0.56665,             0.47254,            0.024011,             0.13037,           0.0081951,           0.0099271,           0.0099271,           0.0099271
                 223,            0.027212,            0.058054,             0.00469,             0.45531,             0.81322,             0.60791,             0.49984,            0.023648,             0.12681,           0.0078745,           0.0099267,           0.0099267,           0.0099267
                 224,            0.026314,            0.055285,           0.0046682,             0.44125,             0.83098,             0.54579,             0.44902,            0.024757,             0.13153,           0.0070686,           0.0099264,           0.0099264,           0.0099264
                 225,            0.026521,             0.05647,           0.0044811,             0.42174,             0.81262,             0.54996,             0.44996,            0.025434,             0.13864,           0.0082132,           0.0099261,           0.0099261,           0.0099261
                 226,            0.026853,            0.056251,           0.0046252,             0.44565,             0.82156,             0.54611,              0.4418,            0.025049,             0.13608,           0.0072794,           0.0099258,           0.0099258,           0.0099258
                 227,            0.026544,            0.054447,           0.0044353,             0.44522,             0.82321,              0.5305,             0.43546,            0.024505,             0.13249,           0.0065877,           0.0099254,           0.0099254,           0.0099254
                 228,            0.026871,            0.056367,            0.004659,             0.46187,             0.83412,             0.51327,             0.41053,             0.02525,             0.13258,           0.0069893,           0.0099251,           0.0099251,           0.0099251
                 229,            0.026512,            0.056074,           0.0045684,             0.44764,              0.8307,             0.62831,             0.51699,            0.024397,             0.13239,            0.006784,           0.0099248,           0.0099248,           0.0099248
                 230,            0.026598,            0.056376,           0.0047126,             0.44455,             0.84217,             0.55106,             0.44402,            0.024629,             0.13026,           0.0079404,           0.0099244,           0.0099244,           0.0099244
                 231,            0.026943,            0.057147,           0.0045066,             0.45737,             0.83571,              0.5652,             0.46395,            0.024835,             0.12533,           0.0068859,           0.0099241,           0.0099241,           0.0099241
                 232,            0.026266,             0.05531,           0.0046635,             0.46781,               0.827,             0.56217,             0.45429,            0.025119,             0.12945,           0.0073615,           0.0099238,           0.0099238,           0.0099238
                 233,            0.026635,            0.055987,           0.0045005,             0.44442,             0.83282,             0.54798,             0.45282,            0.024591,             0.13302,           0.0079282,           0.0099234,           0.0099234,           0.0099234
                 234,            0.026629,            0.056093,            0.004521,             0.44747,             0.82849,             0.51697,             0.41241,            0.023986,             0.13454,           0.0085779,           0.0099231,           0.0099231,           0.0099231
                 235,            0.026692,            0.056772,           0.0046037,             0.43414,             0.82896,             0.54979,             0.45343,            0.025611,              0.1316,           0.0086432,           0.0099228,           0.0099228,           0.0099228
                 236,            0.026371,             0.05671,           0.0045649,             0.44966,             0.83452,             0.55692,             0.45071,            0.026002,             0.13015,           0.0072934,           0.0099224,           0.0099224,           0.0099224
                 237,            0.026484,            0.055319,           0.0045473,             0.44105,             0.82289,             0.56161,             0.45973,            0.025458,             0.12838,           0.0065171,           0.0099221,           0.0099221,           0.0099221
                 238,            0.026293,            0.056433,           0.0045825,             0.44381,             0.83282,             0.50788,             0.41297,            0.023843,             0.13662,           0.0078541,           0.0099218,           0.0099218,           0.0099218
                 239,            0.026229,            0.055495,           0.0045568,             0.45133,             0.82531,             0.60914,             0.50261,            0.025013,             0.13639,           0.0073958,           0.0099215,           0.0099215,           0.0099215
                 240,            0.026748,            0.056641,           0.0046165,             0.46097,             0.83209,             0.54832,             0.44613,            0.024903,             0.13648,           0.0079201,           0.0099211,           0.0099211,           0.0099211
                 241,            0.026691,            0.057199,           0.0045337,             0.45513,             0.83282,             0.49434,             0.40835,            0.024456,             0.13001,            0.006981,           0.0099208,           0.0099208,           0.0099208
                 242,            0.026838,            0.056783,           0.0047377,             0.45233,             0.84581,             0.58212,             0.47849,             0.02479,             0.13365,           0.0074502,           0.0099205,           0.0099205,           0.0099205
                 243,            0.026056,            0.054739,           0.0046042,             0.45925,             0.83375,             0.56947,             0.46017,            0.024591,             0.13417,           0.0079408,           0.0099201,           0.0099201,           0.0099201
                 244,            0.026359,            0.055851,           0.0046309,             0.44874,             0.84581,             0.50196,             0.40415,            0.024933,             0.13304,           0.0079309,           0.0099198,           0.0099198,           0.0099198
                 245,            0.026655,            0.056893,           0.0044798,             0.45848,             0.80161,             0.56128,             0.45645,             0.02471,             0.12623,           0.0080655,           0.0099195,           0.0099195,           0.0099195
                 246,            0.026472,            0.057049,           0.0046224,             0.43891,             0.84581,             0.54268,             0.44517,             0.02565,             0.12694,           0.0085937,           0.0099191,           0.0099191,           0.0099191
                 247,            0.026669,            0.056025,           0.0046157,             0.41888,             0.83571,             0.49066,             0.41106,            0.024559,             0.13328,           0.0083005,           0.0099188,           0.0099188,           0.0099188
                 248,            0.027152,            0.057599,           0.0046901,             0.41716,             0.85308,             0.62427,             0.50757,            0.023534,             0.13033,           0.0075158,           0.0099185,           0.0099185,           0.0099185
                 249,            0.026849,            0.056246,           0.0045936,              0.4658,             0.83282,                0.57,             0.46584,            0.024022,             0.12357,           0.0068955,           0.0099182,           0.0099182,           0.0099182
                 250,            0.027227,            0.056984,           0.0047139,             0.45831,             0.83282,             0.50719,             0.42318,            0.025205,             0.12928,             0.00777,           0.0099178,           0.0099178,           0.0099178
                 251,            0.026143,            0.055561,           0.0045502,             0.47883,             0.82656,              0.5749,             0.48593,            0.025175,             0.13162,           0.0077217,           0.0099175,           0.0099175,           0.0099175
                 252,            0.026408,            0.056116,           0.0044791,             0.46152,             0.80201,             0.47097,             0.39212,            0.025328,             0.12992,           0.0074214,           0.0099172,           0.0099172,           0.0099172
                 253,            0.026509,            0.056824,           0.0044298,             0.45903,             0.82167,             0.54798,               0.461,            0.024259,             0.12886,           0.0082203,           0.0099168,           0.0099168,           0.0099168
                 254,            0.026013,             0.05492,           0.0044754,             0.46546,             0.80653,             0.54396,             0.45112,            0.024065,             0.12726,           0.0084711,           0.0099165,           0.0099165,           0.0099165
                 255,            0.026421,            0.056631,           0.0046735,             0.45911,             0.82442,             0.55474,              0.4593,            0.023815,             0.13508,           0.0075672,           0.0099162,           0.0099162,           0.0099162
                 256,            0.026573,            0.055766,           0.0046398,             0.45773,             0.82272,             0.61226,             0.51328,            0.024504,             0.12822,           0.0072001,           0.0099159,           0.0099159,           0.0099159
                 257,            0.026149,            0.055806,            0.004631,             0.47084,             0.84484,             0.59913,             0.49968,            0.024037,             0.12818,           0.0068606,           0.0099155,           0.0099155,           0.0099155
                 258,            0.026486,            0.056598,           0.0045789,             0.47594,             0.82292,             0.53022,              0.4268,            0.024165,             0.13121,           0.0066937,           0.0099152,           0.0099152,           0.0099152
                 259,            0.026012,            0.053728,           0.0043956,              0.4513,             0.81224,              0.6072,             0.50002,            0.024263,             0.13574,           0.0070398,           0.0099149,           0.0099149,           0.0099149
                 260,            0.026396,            0.055621,           0.0045209,              0.4305,             0.83832,             0.51343,             0.41772,            0.024044,             0.13353,           0.0080868,           0.0099145,           0.0099145,           0.0099145
                 261,            0.026904,            0.055962,           0.0044113,             0.44276,             0.83282,             0.61439,             0.50007,            0.024156,             0.13139,            0.007684,           0.0099142,           0.0099142,           0.0099142
                 262,            0.026199,            0.055581,           0.0045619,             0.44322,             0.83261,             0.59937,             0.49342,            0.024248,              0.1304,           0.0063409,           0.0099139,           0.0099139,           0.0099139
                 263,            0.026476,              0.0549,           0.0044873,             0.45941,             0.83426,             0.56894,             0.46455,            0.023937,             0.13565,             0.00619,           0.0099135,           0.0099135,           0.0099135
                 264,            0.026132,            0.054881,           0.0044749,             0.44722,              0.8332,             0.59782,             0.50004,            0.024534,             0.14149,           0.0072655,           0.0099132,           0.0099132,           0.0099132
                 265,            0.026885,            0.056195,           0.0044426,             0.44282,             0.83571,             0.56209,             0.45731,            0.024957,             0.14228,           0.0081239,           0.0099129,           0.0099129,           0.0099129
                 266,            0.026309,            0.056046,           0.0044715,             0.43996,             0.82741,             0.49579,             0.40193,            0.025257,             0.13698,           0.0073214,           0.0099126,           0.0099126,           0.0099126
                 267,            0.025894,            0.053497,           0.0044866,             0.44295,             0.83507,             0.51399,              0.4102,            0.024464,             0.13341,           0.0072619,           0.0099122,           0.0099122,           0.0099122
                 268,            0.026678,            0.056912,           0.0045516,             0.46124,             0.83859,             0.56588,             0.45886,            0.025001,             0.13806,           0.0074693,           0.0099119,           0.0099119,           0.0099119
                 269,            0.026376,            0.055694,           0.0043609,             0.43952,             0.81577,             0.58731,             0.48363,            0.024689,             0.13668,           0.0082094,           0.0099116,           0.0099116,           0.0099116
                 270,            0.026007,            0.056254,           0.0044276,             0.45087,             0.81797,             0.53051,             0.43212,            0.024992,             0.13888,           0.0076197,           0.0099112,           0.0099112,           0.0099112
                 271,            0.026309,            0.054916,           0.0044874,             0.45083,             0.81412,             0.54528,             0.43978,            0.025021,             0.13929,           0.0072767,           0.0099109,           0.0099109,           0.0099109
                 272,            0.026332,            0.054863,           0.0045485,             0.45777,             0.82562,             0.54072,             0.43377,            0.024856,             0.13429,           0.0078917,           0.0099106,           0.0099106,           0.0099106
                 273,            0.026874,            0.056187,           0.0045076,             0.46132,             0.82671,             0.54267,             0.44142,             0.02405,             0.13001,           0.0077132,           0.0099102,           0.0099102,           0.0099102
                 274,            0.025864,            0.054758,           0.0043755,             0.45612,             0.80154,             0.59397,             0.48638,            0.025103,             0.13061,           0.0083003,           0.0099099,           0.0099099,           0.0099099
                 275,            0.026797,            0.056464,           0.0045443,             0.44422,              0.7947,             0.55476,             0.45709,            0.024936,             0.13376,           0.0077916,           0.0099096,           0.0099096,           0.0099096
                 276,            0.026008,            0.054681,           0.0043585,             0.45494,              0.8252,             0.62376,             0.52409,            0.024534,             0.13578,           0.0064709,           0.0099093,           0.0099093,           0.0099093
                 277,             0.02645,            0.056799,           0.0044654,             0.46705,             0.84268,             0.54477,             0.43656,            0.024583,              0.1359,           0.0063041,           0.0099089,           0.0099089,           0.0099089
                 278,            0.026595,            0.056209,           0.0044705,             0.47036,              0.8221,             0.55131,             0.45284,            0.024596,             0.13692,             0.00773,           0.0099086,           0.0099086,           0.0099086
                 279,            0.025675,            0.055009,           0.0043691,             0.45779,             0.81262,             0.60709,             0.49803,            0.024909,             0.13812,           0.0081581,           0.0099083,           0.0099083,           0.0099083
                 280,            0.026039,            0.055798,           0.0043892,              0.4548,             0.81262,             0.59497,             0.48423,            0.024661,             0.13481,           0.0074227,           0.0099079,           0.0099079,           0.0099079
                 281,            0.026298,            0.055038,           0.0044902,             0.44369,             0.80975,              0.5243,             0.42431,            0.024269,             0.13295,           0.0074928,           0.0099076,           0.0099076,           0.0099076
                 282,             0.02641,            0.055631,           0.0045714,             0.46107,             0.81314,             0.59896,             0.49243,            0.024908,             0.13167,           0.0078321,           0.0099073,           0.0099073,           0.0099073
                 283,            0.026114,             0.05524,           0.0044313,             0.46167,             0.84176,             0.55882,             0.45116,            0.025173,             0.13082,            0.008265,           0.0099069,           0.0099069,           0.0099069
                 284,            0.026332,            0.055991,           0.0044731,             0.45619,             0.83358,             0.56349,             0.45974,            0.025648,             0.13941,           0.0082169,           0.0099066,           0.0099066,           0.0099066
                 285,            0.025796,            0.054348,           0.0043536,             0.46433,             0.83571,             0.53933,             0.43828,            0.025326,             0.13778,           0.0080574,           0.0099063,           0.0099063,           0.0099063
                 286,            0.025961,            0.054986,           0.0044005,             0.46126,             0.80398,             0.54898,             0.45216,            0.025289,             0.14016,           0.0078268,            0.009906,            0.009906,            0.009906
                 287,            0.026571,            0.055913,           0.0044077,             0.46146,             0.82816,             0.54944,               0.447,            0.025027,              0.1367,           0.0080161,           0.0099056,           0.0099056,           0.0099056
                 288,            0.025948,            0.055252,           0.0042665,             0.45061,             0.82648,             0.57139,             0.47641,            0.024523,             0.13251,           0.0077885,           0.0099053,           0.0099053,           0.0099053
                 289,            0.026162,            0.055372,           0.0044975,             0.45615,             0.81908,             0.49955,             0.39512,            0.024722,             0.13389,           0.0086244,            0.009905,            0.009905,            0.009905
                 290,            0.025747,            0.054396,           0.0044605,             0.45873,             0.81403,             0.58724,             0.47895,             0.02438,             0.13452,           0.0087355,           0.0099046,           0.0099046,           0.0099046
                 291,            0.026336,            0.055616,           0.0043506,             0.45645,             0.77249,             0.49717,             0.40443,            0.024264,              0.1307,           0.0072374,           0.0099043,           0.0099043,           0.0099043
                 292,            0.025627,            0.054269,           0.0043035,             0.45461,              0.8154,             0.51928,             0.41748,            0.024249,             0.13105,           0.0065768,            0.009904,            0.009904,            0.009904
                 293,            0.026375,            0.055115,           0.0044834,             0.45084,             0.83289,             0.52368,             0.41365,            0.024817,             0.13781,           0.0070971,           0.0099036,           0.0099036,           0.0099036
                 294,            0.026164,            0.056207,           0.0044756,               0.452,             0.81491,             0.56721,             0.46556,            0.024669,             0.13772,           0.0072538,           0.0099033,           0.0099033,           0.0099033
                 295,            0.025932,            0.054736,           0.0046677,             0.45082,             0.82771,             0.54756,             0.44532,            0.024924,             0.14081,           0.0073859,            0.009903,            0.009903,            0.009903
                 296,            0.026097,             0.05634,           0.0046307,             0.45178,             0.81393,             0.57878,             0.48349,            0.023964,             0.13048,           0.0076915,           0.0099026,           0.0099026,           0.0099026
                 297,            0.026174,            0.055808,           0.0044838,             0.45915,              0.8163,             0.55521,              0.4682,             0.02369,             0.12773,           0.0073924,           0.0099023,           0.0099023,           0.0099023
                 298,             0.02686,            0.056129,           0.0043627,             0.46404,             0.81298,             0.55716,             0.45922,            0.023813,             0.12817,           0.0064272,            0.009902,            0.009902,            0.009902
                 299,            0.025716,             0.05433,           0.0044524,             0.44675,             0.79747,             0.55076,             0.46718,            0.023974,             0.13242,           0.0076961,           0.0099017,           0.0099017,           0.0099017
                 300,            0.026617,            0.056024,           0.0044711,             0.43343,             0.79774,              0.5054,             0.40904,            0.024112,             0.13293,           0.0076421,           0.0099013,           0.0099013,           0.0099013
